keyword,normalized,intent
OOH,ooh,commercial
OOH 24 horas,ooh 24 horas,commercial
OOH 24 horas República Dominicana,ooh 24 horas republica dominicana,local
OOH 24 horas en República Dominicana,ooh 24 horas en republica dominicana,local
OOH 4k,ooh 4k,commercial
OOH 4k República Dominicana,ooh 4k republica dominicana,local
OOH 4k en República Dominicana,ooh 4k en republica dominicana,local
OOH Azua,ooh azua,local
OOH Baní,ooh bani,local
OOH Barahona,ooh barahona,local
OOH Bayahibe,ooh bayahibe,local
OOH Boca Chica,ooh boca chica,local
OOH Bonao,ooh bonao,local
OOH Bávaro,ooh bavaro,local
OOH Cabarete,ooh cabarete,local
OOH Cabrera,ooh cabrera,local
OOH Constanza,ooh constanza,local
OOH Dajabón,ooh dajabon,local
OOH Distrito Nacional,ooh distrito nacional,local
OOH El Seibo,ooh el seibo,local
OOH Haina,ooh haina,local
OOH Hato Mayor,ooh hato mayor,local
OOH Higüey,ooh higey,local
OOH Jarabacoa,ooh jarabacoa,local
OOH La Romana,ooh la romana,local
OOH La Vega,ooh la vega,local
OOH Las Terrenas,ooh las terrenas,local
OOH Los Alcarrizos,ooh los alcarrizos,local
OOH Maimón,ooh maimon,local
OOH Mao,ooh mao,local
OOH Moca,ooh moca,local
OOH Monte Cristi,ooh monte cristi,local
OOH Nagua,ooh nagua,local
OOH Puerto Plata,ooh puerto plata,local
OOH Punta Cana,ooh punta cana,local
OOH República Dominicana,ooh republica dominicana,local
OOH Samaná,ooh samana,local
OOH San Cristóbal,ooh san cristobal,local
OOH San Juan,ooh san juan,local
OOH San Pedro de Macorís,ooh san pedro de macoris,local
OOH Santiago,ooh santiago,local
OOH Santo Domingo,ooh santo domingo,local
OOH Santo Domingo Este,ooh santo domingo este,local
OOH Santo Domingo Norte,ooh santo domingo norte,local
OOH Santo Domingo Oeste,ooh santo domingo oeste,local
OOH Sosúa,ooh sosua,local
OOH Valverde,ooh valverde,local
OOH Villa Mella,ooh villa mella,local
OOH alcance,ooh alcance,commercial
OOH alcance República Dominicana,ooh alcance republica dominicana,local
OOH alcance en República Dominicana,ooh alcance en republica dominicana,local
OOH alta resolución,ooh alta resolucion,commercial
OOH alta resolución República Dominicana,ooh alta resolucion republica dominicana,local
OOH alta resolución en República Dominicana,ooh alta resolucion en republica dominicana,local
OOH audiencia,ooh audiencia,commercial
OOH audiencia República Dominicana,ooh audiencia republica dominicana,local
OOH audiencia en República Dominicana,ooh audiencia en republica dominicana,local
OOH baratas,ooh baratas,commercial
OOH baratas República Dominicana,ooh baratas republica dominicana,local
OOH baratas en República Dominicana,ooh baratas en republica dominicana,local
OOH calendario,ooh calendario,commercial
OOH calendario República Dominicana,ooh calendario republica dominicana,local
OOH calendario en República Dominicana,ooh calendario en republica dominicana,local
OOH catálogo,ooh catalogo,commercial
OOH catálogo República Dominicana,ooh catalogo republica dominicana,local
OOH catálogo en República Dominicana,ooh catalogo en republica dominicana,local
OOH cerca de mí,ooh cerca de mi,commercial
OOH cerca de mí República Dominicana,ooh cerca de mi republica dominicana,local
OOH cerca de mí en República Dominicana,ooh cerca de mi en republica dominicana,local
OOH cobertura,ooh cobertura,commercial
OOH cobertura República Dominicana,ooh cobertura republica dominicana,local
OOH cobertura en República Dominicana,ooh cobertura en republica dominicana,local
OOH con impresión,ooh con impresion,commercial
OOH con impresión República Dominicana,ooh con impresion republica dominicana,local
OOH con impresión en República Dominicana,ooh con impresion en republica dominicana,local
OOH con instalación,ooh con instalacion,commercial
OOH con instalación República Dominicana,ooh con instalacion republica dominicana,local
OOH con instalación en República Dominicana,ooh con instalacion en republica dominicana,local
OOH con mantenimiento,ooh con mantenimiento,commercial
OOH con mantenimiento República Dominicana,ooh con mantenimiento republica dominicana,local
OOH con mantenimiento en República Dominicana,ooh con mantenimiento en republica dominicana,local
OOH con permiso,ooh con permiso,commercial
OOH con permiso República Dominicana,ooh con permiso republica dominicana,local
OOH con permiso en República Dominicana,ooh con permiso en republica dominicana,local
OOH disponibles,ooh disponibles,commercial
OOH disponibles República Dominicana,ooh disponibles republica dominicana,local
OOH disponibles en República Dominicana,ooh disponibles en republica dominicana,local
OOH en Azua,ooh en azua,local
OOH en Baní,ooh en bani,local
OOH en Barahona,ooh en barahona,local
OOH en Bayahibe,ooh en bayahibe,local
OOH en Boca Chica,ooh en boca chica,local
OOH en Bonao,ooh en bonao,local
OOH en Bávaro,ooh en bavaro,local
OOH en Cabarete,ooh en cabarete,local
OOH en Cabrera,ooh en cabrera,local
OOH en Constanza,ooh en constanza,local
OOH en Dajabón,ooh en dajabon,local
OOH en Distrito Nacional,ooh en distrito nacional,local
OOH en El Seibo,ooh en el seibo,local
OOH en Haina,ooh en haina,local
OOH en Hato Mayor,ooh en hato mayor,local
OOH en Higüey,ooh en higey,local
OOH en Jarabacoa,ooh en jarabacoa,local
OOH en La Romana,ooh en la romana,local
OOH en La Vega,ooh en la vega,local
OOH en Las Terrenas,ooh en las terrenas,local
OOH en Los Alcarrizos,ooh en los alcarrizos,local
OOH en Maimón,ooh en maimon,local
OOH en Mao,ooh en mao,local
OOH en Moca,ooh en moca,local
OOH en Monte Cristi,ooh en monte cristi,local
OOH en Nagua,ooh en nagua,local
OOH en Puerto Plata,ooh en puerto plata,local
OOH en Punta Cana,ooh en punta cana,local
OOH en República Dominicana,ooh en republica dominicana,local
OOH en Samaná,ooh en samana,local
OOH en San Cristóbal,ooh en san cristobal,local
OOH en San Juan,ooh en san juan,local
OOH en San Pedro de Macorís,ooh en san pedro de macoris,local
OOH en Santiago,ooh en santiago,local
OOH en Santo Domingo,ooh en santo domingo,local
OOH en Santo Domingo Este,ooh en santo domingo este,local
OOH en Santo Domingo Norte,ooh en santo domingo norte,local
OOH en Santo Domingo Oeste,ooh en santo domingo oeste,local
OOH en Sosúa,ooh en sosua,local
OOH en Valverde,ooh en valverde,local
OOH en Villa Mella,ooh en villa mella,local
OOH hd,ooh hd,commercial
OOH hd República Dominicana,ooh hd republica dominicana,local
OOH hd en República Dominicana,ooh hd en republica dominicana,local
OOH impacto,ooh impacto,commercial
OOH impacto República Dominicana,ooh impacto republica dominicana,local
OOH impacto en República Dominicana,ooh impacto en republica dominicana,local
OOH mapa,ooh mapa,commercial
OOH mapa República Dominicana,ooh mapa republica dominicana,local
OOH mapa en República Dominicana,ooh mapa en republica dominicana,local
OOH ofertas,ooh ofertas,commercial
OOH ofertas República Dominicana,ooh ofertas republica dominicana,local
OOH ofertas en República Dominicana,ooh ofertas en republica dominicana,local
OOH paquetes,ooh paquetes,commercial
OOH paquetes República Dominicana,ooh paquetes republica dominicana,local
OOH paquetes en República Dominicana,ooh paquetes en republica dominicana,local
OOH para eventos,ooh para eventos,commercial
OOH para eventos República Dominicana,ooh para eventos republica dominicana,local
OOH para eventos en República Dominicana,ooh para eventos en republica dominicana,local
OOH para marcas,ooh para marcas,commercial
OOH para marcas República Dominicana,ooh para marcas republica dominicana,local
OOH para marcas en República Dominicana,ooh para marcas en republica dominicana,local
OOH premium,ooh premium,commercial
OOH premium República Dominicana,ooh premium republica dominicana,local
OOH premium en República Dominicana,ooh premium en republica dominicana,local
OOH programables,ooh programables,commercial
OOH programables República Dominicana,ooh programables republica dominicana,local
OOH programables en República Dominicana,ooh programables en republica dominicana,local
OOH proveedor,ooh proveedor,commercial
OOH proveedor República Dominicana,ooh proveedor republica dominicana,local
OOH proveedor en República Dominicana,ooh proveedor en republica dominicana,local
OOH proveedores,ooh proveedores,commercial
OOH proveedores República Dominicana,ooh proveedores republica dominicana,local
OOH proveedores en República Dominicana,ooh proveedores en republica dominicana,local
OOH tráfico,ooh trafico,commercial
OOH tráfico República Dominicana,ooh trafico republica dominicana,local
OOH tráfico en República Dominicana,ooh trafico en republica dominicana,local
OOH ubicaciones,ooh ubicaciones,commercial
OOH ubicaciones República Dominicana,ooh ubicaciones republica dominicana,local
OOH ubicaciones en República Dominicana,ooh ubicaciones en republica dominicana,local
agencia de vallas,agencia de vallas,commercial
agencia de vallas 24 horas,agencia de vallas 24 horas,commercial
agencia de vallas 24 horas República Dominicana,agencia de vallas 24 horas republica dominicana,local
agencia de vallas 24 horas en República Dominicana,agencia de vallas 24 horas en republica dominicana,local
agencia de vallas 4k,agencia de vallas 4k,commercial
agencia de vallas 4k República Dominicana,agencia de vallas 4k republica dominicana,local
agencia de vallas 4k en República Dominicana,agencia de vallas 4k en republica dominicana,local
agencia de vallas Azua,agencia de vallas azua,local
agencia de vallas Baní,agencia de vallas bani,local
agencia de vallas Barahona,agencia de vallas barahona,local
agencia de vallas Bayahibe,agencia de vallas bayahibe,local
agencia de vallas Boca Chica,agencia de vallas boca chica,local
agencia de vallas Bonao,agencia de vallas bonao,local
agencia de vallas Bávaro,agencia de vallas bavaro,local
agencia de vallas Cabarete,agencia de vallas cabarete,local
agencia de vallas Cabrera,agencia de vallas cabrera,local
agencia de vallas Constanza,agencia de vallas constanza,local
agencia de vallas Dajabón,agencia de vallas dajabon,local
agencia de vallas Distrito Nacional,agencia de vallas distrito nacional,local
agencia de vallas El Seibo,agencia de vallas el seibo,local
agencia de vallas Haina,agencia de vallas haina,local
agencia de vallas Hato Mayor,agencia de vallas hato mayor,local
agencia de vallas Higüey,agencia de vallas higey,local
agencia de vallas Jarabacoa,agencia de vallas jarabacoa,local
agencia de vallas La Romana,agencia de vallas la romana,local
agencia de vallas La Vega,agencia de vallas la vega,local
agencia de vallas Las Terrenas,agencia de vallas las terrenas,local
agencia de vallas Los Alcarrizos,agencia de vallas los alcarrizos,local
agencia de vallas Maimón,agencia de vallas maimon,local
agencia de vallas Mao,agencia de vallas mao,local
agencia de vallas Moca,agencia de vallas moca,local
agencia de vallas Monte Cristi,agencia de vallas monte cristi,local
agencia de vallas Nagua,agencia de vallas nagua,local
agencia de vallas Puerto Plata,agencia de vallas puerto plata,local
agencia de vallas Punta Cana,agencia de vallas punta cana,local
agencia de vallas República Dominicana,agencia de vallas republica dominicana,local
agencia de vallas Samaná,agencia de vallas samana,local
agencia de vallas San Cristóbal,agencia de vallas san cristobal,local
agencia de vallas San Juan,agencia de vallas san juan,local
agencia de vallas San Pedro de Macorís,agencia de vallas san pedro de macoris,local
agencia de vallas Santiago,agencia de vallas santiago,local
agencia de vallas Santo Domingo,agencia de vallas santo domingo,local
agencia de vallas Santo Domingo Este,agencia de vallas santo domingo este,local
agencia de vallas Santo Domingo Norte,agencia de vallas santo domingo norte,local
agencia de vallas Santo Domingo Oeste,agencia de vallas santo domingo oeste,local
agencia de vallas Sosúa,agencia de vallas sosua,local
agencia de vallas Valverde,agencia de vallas valverde,local
agencia de vallas Villa Mella,agencia de vallas villa mella,local
agencia de vallas alcance,agencia de vallas alcance,commercial
agencia de vallas alcance República Dominicana,agencia de vallas alcance republica dominicana,local
agencia de vallas alcance en República Dominicana,agencia de vallas alcance en republica dominicana,local
agencia de vallas alta resolución,agencia de vallas alta resolucion,commercial
agencia de vallas alta resolución República Dominicana,agencia de vallas alta resolucion republica dominicana,local
agencia de vallas alta resolución en República Dominicana,agencia de vallas alta resolucion en republica dominicana,local
agencia de vallas audiencia,agencia de vallas audiencia,commercial
agencia de vallas audiencia República Dominicana,agencia de vallas audiencia republica dominicana,local
agencia de vallas audiencia en República Dominicana,agencia de vallas audiencia en republica dominicana,local
agencia de vallas baratas,agencia de vallas baratas,commercial
agencia de vallas baratas República Dominicana,agencia de vallas baratas republica dominicana,local
agencia de vallas baratas en República Dominicana,agencia de vallas baratas en republica dominicana,local
agencia de vallas calendario,agencia de vallas calendario,commercial
agencia de vallas calendario República Dominicana,agencia de vallas calendario republica dominicana,local
agencia de vallas calendario en República Dominicana,agencia de vallas calendario en republica dominicana,local
agencia de vallas catálogo,agencia de vallas catalogo,commercial
agencia de vallas catálogo República Dominicana,agencia de vallas catalogo republica dominicana,local
agencia de vallas catálogo en República Dominicana,agencia de vallas catalogo en republica dominicana,local
agencia de vallas cerca de mí,agencia de vallas cerca de mi,commercial
agencia de vallas cerca de mí República Dominicana,agencia de vallas cerca de mi republica dominicana,local
agencia de vallas cerca de mí en República Dominicana,agencia de vallas cerca de mi en republica dominicana,local
agencia de vallas cobertura,agencia de vallas cobertura,commercial
agencia de vallas cobertura República Dominicana,agencia de vallas cobertura republica dominicana,local
agencia de vallas cobertura en República Dominicana,agencia de vallas cobertura en republica dominicana,local
agencia de vallas con impresión,agencia de vallas con impresion,commercial
agencia de vallas con impresión República Dominicana,agencia de vallas con impresion republica dominicana,local
agencia de vallas con impresión en República Dominicana,agencia de vallas con impresion en republica dominicana,local
agencia de vallas con instalación,agencia de vallas con instalacion,commercial
agencia de vallas con instalación República Dominicana,agencia de vallas con instalacion republica dominicana,local
agencia de vallas con instalación en República Dominicana,agencia de vallas con instalacion en republica dominicana,local
agencia de vallas con mantenimiento,agencia de vallas con mantenimiento,commercial
agencia de vallas con mantenimiento República Dominicana,agencia de vallas con mantenimiento republica dominicana,local
agencia de vallas con mantenimiento en República Dominicana,agencia de vallas con mantenimiento en republica dominicana,local
agencia de vallas con permiso,agencia de vallas con permiso,commercial
agencia de vallas con permiso República Dominicana,agencia de vallas con permiso republica dominicana,local
agencia de vallas con permiso en República Dominicana,agencia de vallas con permiso en republica dominicana,local
agencia de vallas disponibles,agencia de vallas disponibles,commercial
agencia de vallas disponibles República Dominicana,agencia de vallas disponibles republica dominicana,local
agencia de vallas disponibles en República Dominicana,agencia de vallas disponibles en republica dominicana,local
agencia de vallas en Azua,agencia de vallas en azua,local
agencia de vallas en Baní,agencia de vallas en bani,local
agencia de vallas en Barahona,agencia de vallas en barahona,local
agencia de vallas en Bayahibe,agencia de vallas en bayahibe,local
agencia de vallas en Boca Chica,agencia de vallas en boca chica,local
agencia de vallas en Bonao,agencia de vallas en bonao,local
agencia de vallas en Bávaro,agencia de vallas en bavaro,local
agencia de vallas en Cabarete,agencia de vallas en cabarete,local
agencia de vallas en Cabrera,agencia de vallas en cabrera,local
agencia de vallas en Constanza,agencia de vallas en constanza,local
agencia de vallas en Dajabón,agencia de vallas en dajabon,local
agencia de vallas en Distrito Nacional,agencia de vallas en distrito nacional,local
agencia de vallas en El Seibo,agencia de vallas en el seibo,local
agencia de vallas en Haina,agencia de vallas en haina,local
agencia de vallas en Hato Mayor,agencia de vallas en hato mayor,local
agencia de vallas en Higüey,agencia de vallas en higey,local
agencia de vallas en Jarabacoa,agencia de vallas en jarabacoa,local
agencia de vallas en La Romana,agencia de vallas en la romana,local
agencia de vallas en La Vega,agencia de vallas en la vega,local
agencia de vallas en Las Terrenas,agencia de vallas en las terrenas,local
agencia de vallas en Los Alcarrizos,agencia de vallas en los alcarrizos,local
agencia de vallas en Maimón,agencia de vallas en maimon,local
agencia de vallas en Mao,agencia de vallas en mao,local
agencia de vallas en Moca,agencia de vallas en moca,local
agencia de vallas en Monte Cristi,agencia de vallas en monte cristi,local
agencia de vallas en Nagua,agencia de vallas en nagua,local
agencia de vallas en Puerto Plata,agencia de vallas en puerto plata,local
agencia de vallas en Punta Cana,agencia de vallas en punta cana,local
agencia de vallas en República Dominicana,agencia de vallas en republica dominicana,local
agencia de vallas en Samaná,agencia de vallas en samana,local
agencia de vallas en San Cristóbal,agencia de vallas en san cristobal,local
agencia de vallas en San Juan,agencia de vallas en san juan,local
agencia de vallas en San Pedro de Macorís,agencia de vallas en san pedro de macoris,local
agencia de vallas en Santiago,agencia de vallas en santiago,local
agencia de vallas en Santo Domingo,agencia de vallas en santo domingo,local
agencia de vallas en Santo Domingo Este,agencia de vallas en santo domingo este,local
agencia de vallas en Santo Domingo Norte,agencia de vallas en santo domingo norte,local
agencia de vallas en Santo Domingo Oeste,agencia de vallas en santo domingo oeste,local
agencia de vallas en Sosúa,agencia de vallas en sosua,local
agencia de vallas en Valverde,agencia de vallas en valverde,local
agencia de vallas en Villa Mella,agencia de vallas en villa mella,local
agencia de vallas hd,agencia de vallas hd,commercial
agencia de vallas hd República Dominicana,agencia de vallas hd republica dominicana,local
agencia de vallas hd en República Dominicana,agencia de vallas hd en republica dominicana,local
agencia de vallas impacto,agencia de vallas impacto,commercial
agencia de vallas impacto República Dominicana,agencia de vallas impacto republica dominicana,local
agencia de vallas impacto en República Dominicana,agencia de vallas impacto en republica dominicana,local
agencia de vallas mapa,agencia de vallas mapa,commercial
agencia de vallas mapa República Dominicana,agencia de vallas mapa republica dominicana,local
agencia de vallas mapa en República Dominicana,agencia de vallas mapa en republica dominicana,local
agencia de vallas ofertas,agencia de vallas ofertas,commercial
agencia de vallas ofertas República Dominicana,agencia de vallas ofertas republica dominicana,local
agencia de vallas ofertas en República Dominicana,agencia de vallas ofertas en republica dominicana,local
agencia de vallas paquetes,agencia de vallas paquetes,commercial
agencia de vallas paquetes República Dominicana,agencia de vallas paquetes republica dominicana,local
agencia de vallas paquetes en República Dominicana,agencia de vallas paquetes en republica dominicana,local
agencia de vallas para eventos,agencia de vallas para eventos,commercial
agencia de vallas para eventos República Dominicana,agencia de vallas para eventos republica dominicana,local
agencia de vallas para eventos en República Dominicana,agencia de vallas para eventos en republica dominicana,local
agencia de vallas para marcas,agencia de vallas para marcas,commercial
agencia de vallas para marcas República Dominicana,agencia de vallas para marcas republica dominicana,local
agencia de vallas para marcas en República Dominicana,agencia de vallas para marcas en republica dominicana,local
agencia de vallas premium,agencia de vallas premium,commercial
agencia de vallas premium República Dominicana,agencia de vallas premium republica dominicana,local
agencia de vallas premium en República Dominicana,agencia de vallas premium en republica dominicana,local
agencia de vallas programables,agencia de vallas programables,commercial
agencia de vallas programables República Dominicana,agencia de vallas programables republica dominicana,local
agencia de vallas programables en República Dominicana,agencia de vallas programables en republica dominicana,local
agencia de vallas proveedor,agencia de vallas proveedor,commercial
agencia de vallas proveedor República Dominicana,agencia de vallas proveedor republica dominicana,local
agencia de vallas proveedor en República Dominicana,agencia de vallas proveedor en republica dominicana,local
agencia de vallas proveedores,agencia de vallas proveedores,commercial
agencia de vallas proveedores República Dominicana,agencia de vallas proveedores republica dominicana,local
agencia de vallas proveedores en República Dominicana,agencia de vallas proveedores en republica dominicana,local
agencia de vallas tráfico,agencia de vallas trafico,commercial
agencia de vallas tráfico República Dominicana,agencia de vallas trafico republica dominicana,local
agencia de vallas tráfico en República Dominicana,agencia de vallas trafico en republica dominicana,local
agencia de vallas ubicaciones,agencia de vallas ubicaciones,commercial
agencia de vallas ubicaciones República Dominicana,agencia de vallas ubicaciones republica dominicana,local
agencia de vallas ubicaciones en República Dominicana,agencia de vallas ubicaciones en republica dominicana,local
alquiler de vallas,alquiler de vallas,commercial
alquiler de vallas 24 horas,alquiler de vallas 24 horas,commercial
alquiler de vallas 24 horas República Dominicana,alquiler de vallas 24 horas republica dominicana,local
alquiler de vallas 24 horas en República Dominicana,alquiler de vallas 24 horas en republica dominicana,local
alquiler de vallas 4k,alquiler de vallas 4k,commercial
alquiler de vallas 4k República Dominicana,alquiler de vallas 4k republica dominicana,local
alquiler de vallas 4k en República Dominicana,alquiler de vallas 4k en republica dominicana,local
alquiler de vallas Azua,alquiler de vallas azua,local
alquiler de vallas Baní,alquiler de vallas bani,local
alquiler de vallas Barahona,alquiler de vallas barahona,local
alquiler de vallas Bayahibe,alquiler de vallas bayahibe,local
alquiler de vallas Boca Chica,alquiler de vallas boca chica,local
alquiler de vallas Bonao,alquiler de vallas bonao,local
alquiler de vallas Bávaro,alquiler de vallas bavaro,local
alquiler de vallas Cabarete,alquiler de vallas cabarete,local
alquiler de vallas Cabrera,alquiler de vallas cabrera,local
alquiler de vallas Constanza,alquiler de vallas constanza,local
alquiler de vallas Dajabón,alquiler de vallas dajabon,local
alquiler de vallas Distrito Nacional,alquiler de vallas distrito nacional,local
alquiler de vallas El Seibo,alquiler de vallas el seibo,local
alquiler de vallas Haina,alquiler de vallas haina,local
alquiler de vallas Hato Mayor,alquiler de vallas hato mayor,local
alquiler de vallas Higüey,alquiler de vallas higey,local
alquiler de vallas Jarabacoa,alquiler de vallas jarabacoa,local
alquiler de vallas La Romana,alquiler de vallas la romana,local
alquiler de vallas La Vega,alquiler de vallas la vega,local
alquiler de vallas Las Terrenas,alquiler de vallas las terrenas,local
alquiler de vallas Los Alcarrizos,alquiler de vallas los alcarrizos,local
alquiler de vallas Maimón,alquiler de vallas maimon,local
alquiler de vallas Mao,alquiler de vallas mao,local
alquiler de vallas Moca,alquiler de vallas moca,local
alquiler de vallas Monte Cristi,alquiler de vallas monte cristi,local
alquiler de vallas Nagua,alquiler de vallas nagua,local
alquiler de vallas Puerto Plata,alquiler de vallas puerto plata,local
alquiler de vallas Punta Cana,alquiler de vallas punta cana,local
alquiler de vallas República Dominicana,alquiler de vallas republica dominicana,local
alquiler de vallas Samaná,alquiler de vallas samana,local
alquiler de vallas San Cristóbal,alquiler de vallas san cristobal,local
alquiler de vallas San Juan,alquiler de vallas san juan,local
alquiler de vallas San Pedro de Macorís,alquiler de vallas san pedro de macoris,local
alquiler de vallas Santiago,alquiler de vallas santiago,local
alquiler de vallas Santo Domingo,alquiler de vallas santo domingo,local
alquiler de vallas Santo Domingo Este,alquiler de vallas santo domingo este,local
alquiler de vallas Santo Domingo Norte,alquiler de vallas santo domingo norte,local
alquiler de vallas Santo Domingo Oeste,alquiler de vallas santo domingo oeste,local
alquiler de vallas Sosúa,alquiler de vallas sosua,local
alquiler de vallas Valverde,alquiler de vallas valverde,local
alquiler de vallas Villa Mella,alquiler de vallas villa mella,local
alquiler de vallas alcance,alquiler de vallas alcance,commercial
alquiler de vallas alcance República Dominicana,alquiler de vallas alcance republica dominicana,local
alquiler de vallas alcance en República Dominicana,alquiler de vallas alcance en republica dominicana,local
alquiler de vallas alta resolución,alquiler de vallas alta resolucion,commercial
alquiler de vallas alta resolución República Dominicana,alquiler de vallas alta resolucion republica dominicana,local
alquiler de vallas alta resolución en República Dominicana,alquiler de vallas alta resolucion en republica dominicana,local
alquiler de vallas audiencia,alquiler de vallas audiencia,commercial
alquiler de vallas audiencia República Dominicana,alquiler de vallas audiencia republica dominicana,local
alquiler de vallas audiencia en República Dominicana,alquiler de vallas audiencia en republica dominicana,local
alquiler de vallas baratas,alquiler de vallas baratas,commercial
alquiler de vallas baratas República Dominicana,alquiler de vallas baratas republica dominicana,local
alquiler de vallas baratas en República Dominicana,alquiler de vallas baratas en republica dominicana,local
alquiler de vallas calendario,alquiler de vallas calendario,commercial
alquiler de vallas calendario República Dominicana,alquiler de vallas calendario republica dominicana,local
alquiler de vallas calendario en República Dominicana,alquiler de vallas calendario en republica dominicana,local
alquiler de vallas catálogo,alquiler de vallas catalogo,commercial
alquiler de vallas catálogo República Dominicana,alquiler de vallas catalogo republica dominicana,local
alquiler de vallas catálogo en República Dominicana,alquiler de vallas catalogo en republica dominicana,local
